pays;reseau;nom;cle;N;Nobs;fraicheur;p60;p300;p600;dispersion;cvVolume;cvBrut;amplitudePonct;effetWeekend;jours;annulJour;supprJour;verdict;motif
Pays-Bas;nl_ovapi;Schiphol Airport;nl_ovapi|schipholairport@52.31,4.76;724.5;419.8;58;73.5;96;98.6;25;0.29;0.28;6;131;6;5.33;0;RETENUE;
Pays-Bas;nl_ovapi;Amsterdam Centraal;nl_ovapi|amsterdamcentraal@52.38,4.90;588.5;395.8;67;62.4;93.1;97;34.6;0.34;0.35;8;148;6;3.83;0;RETENUE;
Australie;au_translink_seq;Central station;au_translink_seq|centralstation@-27.47,153.03;436.8;227.7;52;66.4;94.6;98.7;32.3;0.21;0.24;12;73;6;0.5;0.67;RETENUE;
Australie;au_translink_seq;Bowen Hills station;au_translink_seq|bowenhillsstation@-27.45,153.04;417.3;221.8;53;54;94.2;98.6;44.6;0.21;0.24;12;73;6;0.33;2.17;RETENUE;
Australie;au_translink_seq;Fortitude Valley station;au_translink_seq|fortitudevalleystation@-27.46,153.03;416.8;218.2;52;44.8;93.2;98.5;53.8;0.21;0.25;9;73;6;0.5;2.17;RETENUE;
Australie;au_translink_seq;Roma Street station;au_translink_seq|romastreetstation@-27.47,153.02;429.2;216.2;50;55.5;93.6;98.5;42.9;0.21;0.25;10;72;6;0.5;2.5;RETENUE;
Australie;au_translink_seq;Eagle Junction station;au_translink_seq|eaglejunctionstation@-27.41,153.05;308.7;158.2;51;40.7;93.8;98.8;58.2;0.2;0.24;9;78;6;0.33;1.17;RETENUE;
Pays-Bas;nl_ovapi;Zwolle;nl_ovapi|zwolle@52.51,6.09;251.8;155;62;70.1;93.5;97.8;27.7;0.34;0.34;10;153;6;1.33;0;RETENUE;
Australie;au_translink_seq;Northgate station;au_translink_seq|northgatestation@-27.39,153.07;242.2;127.3;53;55.9;94.8;98.8;42.9;0.23;0.24;6;90;6;0.33;0.5;RETENUE;
Australie;au_translink_seq;Boggo Road station;au_translink_seq|boggoroadstation@-27.49,153.03;191;109.7;57;47.4;91;97.1;49.7;0.22;0.24;16;78;6;0.17;1.83;RETENUE;
Australie;au_translink_seq;South Brisbane station;au_translink_seq|southbrisbanestation@-27.47,153.02;186.5;104.7;56;48.9;90.9;97.3;48.4;0.2;0.24;20;80;6;0;1.5;RETENUE;
Australie;au_translink_seq;South Bank station;au_translink_seq|southbankstation@-27.48,153.02;193.2;104.3;54;44.1;89.9;97;52.9;0.22;0.25;20;77;6;0;1.83;RETENUE;
Pays-Bas;nl_ovapi;Roosendaal;nl_ovapi|roosendaal@51.54,4.46;155.7;103.8;67;64.4;96.5;98.1;33.7;0.32;0.27;8;117;6;0.17;0;RETENUE;
Australie;au_translink_seq;Albion station;au_translink_seq|albionstation@-27.43,153.04;168;85;51;37.8;93.3;99.2;61.4;0.18;0.23;18;82;6;0.17;0.83;RETENUE;
Australie;au_translink_seq;Wooloowin station;au_translink_seq|wooloowinstation@-27.42,153.04;168.3;82.5;49;37.6;92.3;99.2;61.6;0.19;0.24;19;83;6;0.17;0.83;RETENUE;
Australie;au_translink_seq;Petrie station;au_translink_seq|petriestation@-27.27,152.98;128.5;74.5;58;58.4;94.9;98.7;40.3;0.25;0.25;4;86;6;0.17;0.33;RETENUE;
Australie;au_translink_seq;Toowong station;au_translink_seq|toowongstation@-27.49,152.99;119.8;65.7;55;64.7;96.2;99.2;34.5;0.2;0.2;13;89;6;0.17;0.33;RETENUE;
Australie;au_translink_seq;Auchenflower station;au_translink_seq|auchenflowerstation@-27.48,153.00;120;65;54;63.6;95.6;99.2;35.6;0.2;0.2;13;89;6;0.17;0.33;RETENUE;
Australie;au_translink_seq;Oxley station;au_translink_seq|oxleystation@-27.55,152.97;120.2;64.5;54;56.3;95.9;99.2;42.9;0.22;0.25;15;86;6;0.17;0.17;RETENUE;
Australie;au_translink_seq;Indooroopilly station;au_translink_seq|indooroopillystation@-27.50,152.98;120.5;64;53;66.4;96.1;99.2;32.8;0.19;0.21;16;91;6;0.17;0.17;RETENUE;
Australie;au_translink_seq;Taringa station;au_translink_seq|taringastation@-27.49,152.98;120.2;64;53;59.1;96.9;99.5;40.4;0.19;0.2;16;90;6;0.17;0.17;RETENUE;
Australie;au_translink_seq;Loganlea station;au_translink_seq|loganleastation@-27.67,153.14;114.5;63.8;56;36;90.1;98.2;62.1;0.22;0.24;22;82;6;0;1.5;RETENUE;
Australie;au_translink_seq;Corinda station;au_translink_seq|corindastation@-27.54,152.98;122.3;63.7;52;60.5;95.3;99.2;38.7;0.26;0.27;17;83;6;0.17;0.17;RETENUE;
Australie;au_translink_seq;Milton station;au_translink_seq|miltonstation@-27.47,153.01;120.7;62.7;52;66.8;95.7;99.2;32.4;0.19;0.2;9;90;6;0.17;0.5;RETENUE;
Australie;au_translink_seq;Darra station;au_translink_seq|darrastation@-27.57,152.95;119.3;62.7;53;73.9;96;98.9;25;0.23;0.26;14;86;6;0.17;0.17;RETENUE;
Australie;au_translink_seq;Chelmer station;au_translink_seq|chelmerstation@-27.51,152.97;119.8;62.5;52;69.9;96.3;99.2;29.3;0.19;0.2;12;90;6;0.17;0.17;RETENUE;
Australie;au_translink_seq;Graceville station;au_translink_seq|gracevillestation@-27.52,152.98;120;59.8;50;65.7;96.1;99.2;33.4;0.19;0.2;17;89;6;0.17;0.17;RETENUE;
Pays-Bas;nl_ovapi;Apeldoorn;nl_ovapi|apeldoorn@52.21,5.97;95.8;59.5;62;68.1;93;98;30;0.27;0.29;11;150;6;0.83;0;RETENUE;
Australie;au_translink_seq;Sherwood station;au_translink_seq|sherwoodstation@-27.53,152.98;115.3;59;51;65.8;96.9;99.7;33.9;0.24;0.25;9;84;6;0.17;0.17;RETENUE;
Australie;au_translink_seq;Beenleigh station;au_translink_seq|beenleighstation@-27.72,153.20;117.5;58.5;50;75.2;92.9;99.1;23.9;0.22;0.25;15;79;6;0;1;RETENUE;
Australie;au_translink_seq;Altandi station;au_translink_seq|altandistation@-27.58,153.06;116.5;55.3;47;53;89.8;98.2;45.2;0.23;0.25;23;75;6;0;1.5;RETENUE;
Australie;au_translink_seq;Toombul station;au_translink_seq|toombulstation@-27.41,153.06;103.2;51.8;50;58.8;94.2;99.4;40.5;0.21;0.25;15;87;6;0.17;0.17;RETENUE;
Pays-Bas;nl_ovapi;Olst;nl_ovapi|olst@52.34,6.11;61.7;51.2;83;46.9;94.8;99;52.1;0.34;0.29;12;119;6;0.17;0;RETENUE;
Pays-Bas;nl_ovapi;Wijhe;nl_ovapi|wijhe@52.39,6.14;61.7;50;81;18.7;93;99;80.3;0.34;0.29;12;119;6;0.17;0;RETENUE;
Australie;au_translink_seq;Nundah station;au_translink_seq|nundahstation@-27.40,153.06;102.8;47.3;46;56.7;94.7;99.6;43;0.21;0.25;14;88;6;0.17;0.33;RETENUE;
Australie;au_translink_seq;Wellington Point station;au_translink_seq|wellingtonpointstation@-27.49,153.24;93.2;46.8;50;62.6;97.5;100;37.4;0.2;0.21;5;77;6;0;0.33;RETENUE;
Australie;au_translink_seq;Wynnum station;au_translink_seq|wynnumstation@-27.44,153.17;69.2;46.8;68;52;94.7;99.6;47.7;0.23;0.25;9;76;6;0;0;RETENUE;
Australie;au_translink_seq;Cannon Hill station;au_translink_seq|cannonhillstation@-27.47,153.09;70;46.2;66;66.1;93.5;98.6;32.5;0.21;0.23;16;75;6;0;0.33;RETENUE;
Pays-Bas;nl_ovapi;Rilland-Bath;nl_ovapi|rillandbath@51.42,4.16;63.7;46.2;73;49.5;96.8;98.9;49.5;0.33;0.24;6;106;6;0;0;RETENUE;
Australie;au_translink_seq;Norman Park station;au_translink_seq|normanparkstation@-27.48,153.06;69.5;46;66;62.3;94.9;98.9;36.6;0.22;0.24;14;74;6;0;0.17;RETENUE;
Australie;au_translink_seq;Thorneside station;au_translink_seq|thornesidestation@-27.49,153.19;98.3;45.8;47;74.9;95.6;99.3;24.4;0.2;0.23;9;76;6;0;0.17;RETENUE;
Australie;au_translink_seq;Wynnum North station;au_translink_seq|wynnumnorthstation@-27.44,153.16;69;45.8;66;65.5;94.9;99.3;33.8;0.23;0.25;12;75;6;0;0.17;RETENUE;
Australie;au_translink_seq;Hemmant station;au_translink_seq|hemmantstation@-27.45,153.13;69.3;45.7;66;48.9;94.2;99.3;50.4;0.23;0.25;12;75;6;0;0.17;RETENUE;
Australie;au_translink_seq;Morningside station;au_translink_seq|morningsidestation@-27.47,153.07;69.7;45.5;65;58.6;93.8;98.9;40.3;0.22;0.24;16;74;6;0;0.17;RETENUE;
Australie;au_translink_seq;Murarrie station;au_translink_seq|murarriestation@-27.46,153.10;68.8;45.5;66;66.3;94.9;99.3;33;0.22;0.24;14;75;6;0;0.17;RETENUE;
Australie;au_translink_seq;Lindum station;au_translink_seq|lindumstation@-27.44,153.15;69.2;45.3;66;64.3;94.9;99.3;34.9;0.23;0.25;12;75;6;0;0.17;RETENUE;
Australie;au_translink_seq;Buranda station;au_translink_seq|burandastation@-27.50,153.04;69.2;45;65;47.8;93.7;98.9;51.1;0.23;0.24;15;75;6;0;0.17;RETENUE;
Australie;au_translink_seq;Wynnum Central station;au_translink_seq|wynnumcentralstation@-27.45,153.17;69;45;65;46.7;94.1;99.6;53;0.22;0.25;11;74;6;0;0;RETENUE;
Australie;au_translink_seq;Lota station;au_translink_seq|lotastation@-27.47,153.19;74.8;43.8;59;73.4;97;99.6;26.2;0.23;0.25;6;77;6;0;0.17;RETENUE;
Australie;au_translink_seq;Coorparoo station;au_translink_seq|coorparoostation@-27.49,153.06;69.5;43.7;63;53.8;93.1;98.9;45;0.23;0.24;17;74;6;0;0.17;RETENUE;
Pays-Bas;nl_ovapi;Kapelle-Biezelinge;nl_ovapi|kapellebiezelinge@51.48,3.96;63.8;43.7;68;60.3;95.8;99.6;39.3;0.34;0.25;7;105;6;0.5;0;RETENUE;
Pays-Bas;nl_ovapi;Arnemuiden;nl_ovapi|arnemuiden@51.50,3.67;63.8;43.5;68;73.9;96.9;99.2;25.3;0.33;0.25;6;105;6;0.5;0;RETENUE;
Australie;au_translink_seq;Birkdale station;au_translink_seq|birkdalestation@-27.49,153.22;69.8;43;62;71.3;95.7;100;28.7;0.25;0.26;6;75;6;0;0.33;RETENUE;
Australie;au_translink_seq;Caboolture station;au_translink_seq|caboolturestation@-27.08,152.95;77.2;42.8;56;61.1;94.9;99.2;38.1;0.21;0.22;6;88;6;0.17;0;RETENUE;
Pays-Bas;nl_ovapi;Krabbendijke;nl_ovapi|krabbendijke@51.43,4.12;63.7;42.7;67;74.2;96.1;99.2;25;0.33;0.24;9;106;6;0;0;RETENUE;
Pays-Bas;nl_ovapi;Assen;nl_ovapi|assen@52.99,6.57;58;42.5;73;55.7;90.6;95.3;39.6;0.35;0.29;11;128;6;0.67;0;RETENUE;
Australie;au_translink_seq;Manly station;au_translink_seq|manlystation@-27.46,153.18;69.3;41.8;60;68.1;96.4;99.6;31.5;0.25;0.26;6;74;6;0;0;RETENUE;
France;fr_sncf;Lyon Part Dieu;fr_sncf|UIC87723197;175;41.5;24;59;76.7;83.5;24.5;0.35;0.31;21;117;6;3.67;0.17;RETENUE;
Australie;au_translink_seq;Dakabin station;au_translink_seq|dakabinstation@-27.23,152.98;61.7;39.2;64;32.8;92.8;99.1;66.4;0.29;0.29;10;89;6;0.17;0;RETENUE;
Australie;au_translink_seq;Narangba station;au_translink_seq|narangbastation@-27.20,152.96;61.7;39;63;31.2;92.3;99.1;67.9;0.29;0.3;12;89;6;0.17;0;RETENUE;
Australie;au_translink_seq;Ipswich station;au_translink_seq|ipswichstation@-27.61,152.76;99.8;38.5;39;82.3;97;98.7;16.5;0.21;0.22;11;92;6;0.17;0.33;RETENUE;
Pays-Bas;nl_ovapi;Etten-Leur;nl_ovapi|ettenleur@51.58,4.64;65;38.5;59;72.7;97.8;98.7;26;0.31;0.23;6;108;6;0;0;RETENUE;
Australie;au_translink_seq;Burpengary station;au_translink_seq|burpengarystation@-27.16,152.96;61.7;38.2;62;39.7;94.3;99.1;59.4;0.29;0.3;11;89;6;0.17;0;RETENUE;
Australie;au_translink_seq;Morayfield station;au_translink_seq|morayfieldstation@-27.11,152.95;61.5;38;62;26.3;92.5;99.1;72.8;0.29;0.29;10;89;6;0.17;0;RETENUE;
Pays-Bas;nl_ovapi;Vlissingen Souburg;nl_ovapi|vlissingensouburg@51.46,3.60;64.3;37.8;59;76.7;97.8;100;23.3;0.3;0.24;7;104;6;0.5;0;RETENUE;
Australie;au_translink_seq;Carseldine station;au_translink_seq|carseldinestation@-27.35,153.03;68.2;35.2;52;45;92.9;98.6;53.6;0.24;0.25;9;78;6;0;0.33;RETENUE;
Australie;au_translink_seq;Bray Park station;au_translink_seq|brayparkstation@-27.30,152.99;67.3;35.2;52;44.1;94.3;98.1;54;0.26;0.26;18;79;6;0;0.33;RETENUE;
Australie;au_translink_seq;Goodna station;au_translink_seq|goodnastation@-27.61,152.90;60;35;58;63.8;94.3;99;35.2;0.23;0.25;16;89;6;0.17;0.17;RETENUE;
Australie;au_translink_seq;Booval station;au_translink_seq|boovalstation@-27.61,152.79;61.2;34.8;57;72.7;94.3;99;26.3;0.22;0.24;16;90;6;0.17;0.33;RETENUE;
Australie;au_translink_seq;Bald Hills station;au_translink_seq|baldhillsstation@-27.32,153.01;68.2;34.5;51;44;91.3;97.6;53.6;0.24;0.25;9;78;6;0;0.33;RETENUE;
Australie;au_translink_seq;Geebung station;au_translink_seq|geebungstation@-27.37,153.05;67.3;34.3;51;41.7;92.7;98.1;56.3;0.24;0.24;9;79;6;0;0.33;RETENUE;
Australie;au_translink_seq;Mango Hill station;au_translink_seq|mangohillstation@-27.25,153.03;63.2;34.3;54;73.8;95.6;98.5;24.8;0.28;0.28;8;84;6;0;0.33;RETENUE;
Australie;au_translink_seq;Sunshine station;au_translink_seq|sunshinestation@-27.38,153.06;66.7;34.2;51;36.6;92.7;98;61.5;0.23;0.23;11;81;6;0;0.33;RETENUE;
Australie;au_translink_seq;Dinmore station;au_translink_seq|dinmorestation@-27.60,152.83;61.5;34.2;56;76.6;97.1;99.5;22.9;0.23;0.25;16;89;6;0.17;0.17;RETENUE;
Australie;au_translink_seq;Strathpine station;au_translink_seq|strathpinestation@-27.31,152.99;68;34;50;38.7;92.6;97.5;58.8;0.25;0.25;20;79;6;0;0.33;RETENUE;
Australie;au_translink_seq;Zillmere station;au_translink_seq|zillmerestation@-27.36,153.04;67.7;33.8;50;38.4;92.1;98;59.6;0.24;0.25;11;77;6;0;0.33;RETENUE;
Australie;au_translink_seq;Riverview station;au_translink_seq|riverviewstation@-27.60,152.85;61.3;33.8;55;61.1;94.1;99;37.9;0.23;0.25;17;90;6;0.17;0.17;RETENUE;
Australie;au_translink_seq;Lawnton station;au_translink_seq|lawntonstation@-27.28,152.98;67.8;33.7;50;32.2;94.6;98;65.8;0.25;0.26;8;80;6;0;0.33;RETENUE;
Australie;au_translink_seq;Bundamba station;au_translink_seq|bundambastation@-27.61,152.80;61;33.3;55;77.5;97;99.5;22;0.23;0.24;16;89;6;0.17;0.17;RETENUE;
Australie;au_translink_seq;Wacol station;au_translink_seq|wacolstation@-27.59,152.92;60.2;33.2;55;56.3;95.5;99;42.7;0.22;0.23;17;92;6;0.17;0.17;RETENUE;
Australie;au_translink_seq;Domestic Airport station;au_translink_seq|domesticairportstation@-27.38,153.12;78.5;32.8;42;47.7;93.4;99.5;51.8;0.21;0.33;13;49;6;0;1.17;RETENUE;
Australie;au_translink_seq;Rothwell station;au_translink_seq|rothwellstation@-27.22,153.05;63.7;32.8;52;79.2;97;99.5;20.3;0.28;0.28;14;81;6;0;0;RETENUE;
Australie;au_translink_seq;Virginia station;au_translink_seq|virginiastation@-27.38,153.06;66.3;32.7;49;46.4;92.9;98;51.5;0.23;0.24;10;80;6;0;0.33;RETENUE;
Australie;au_translink_seq;East Ipswich station;au_translink_seq|eastipswichstation@-27.61,152.77;61.2;32.3;53;35.6;96.4;99.5;63.9;0.22;0.24;15;90;6;0.17;0.33;RETENUE;
Australie;au_translink_seq;Gailes station;au_translink_seq|gailesstation@-27.60,152.92;59.8;32.3;54;73.2;93.8;99;25.8;0.23;0.23;18;93;6;0.17;0.17;RETENUE;
Australie;au_translink_seq;Ebbw Vale station;au_translink_seq|ebbwvalestation@-27.60,152.82;61.3;32.2;52;76.2;97.4;99.5;23.3;0.23;0.25;14;89;6;0.17;0.17;RETENUE;
Australie;au_translink_seq;Redbank station;au_translink_seq|redbankstation@-27.60,152.87;61.2;32.2;53;67.4;94.3;99;31.6;0.24;0.26;17;89;6;0.17;0.17;RETENUE;
Australie;au_translink_seq;International Airport station;au_translink_seq|internationalairportstation@-27.40,153.11;59.7;31.7;53;38.4;90.5;100;61.6;0.18;0.27;13;58;6;0;1;RETENUE;
Australie;au_translink_seq;Mango Hill East station;au_translink_seq|mangohilleaststation@-27.23,153.04;63.3;31.5;50;65.6;95.8;98.4;32.8;0.27;0.27;13;83;6;0;0.33;RETENUE;
Australie;au_translink_seq;Murrumba Downs station;au_translink_seq|murrumbadownsstation@-27.25,153.01;62.8;31;49;65.6;95.2;98.4;32.8;0.28;0.27;12;80;6;0;0.33;RETENUE;
Australie;au_translink_seq;Kippa-Ring station;au_translink_seq|kipparingstation@-27.23,153.08;76.7;29.5;38;74;95.5;98.9;24.9;0.22;0.23;7;86;6;0;0;RETENUE;
Australie;au_translink_seq;Yeerongpilly station;au_translink_seq|yeerongpillystation@-27.53,153.01;52.7;28.2;53;31.4;90.5;96.4;65.1;0.24;0.24;22;97;6;0;1;RETENUE;
Australie;au_translink_seq;Keperra station;au_translink_seq|keperrastation@-27.41,152.96;58.5;27.7;47;65.7;96.4;100;34.3;0.21;0.22;9;87;6;0;0;RETENUE;
Australie;au_translink_seq;Yeronga station;au_translink_seq|yerongastation@-27.52,153.02;54.5;27.5;50;34.5;89.1;94.5;60;0.23;0.24;27;89;6;0;0.83;RETENUE;
Australie;au_translink_seq;Kingston station;au_translink_seq|kingstonstation@-27.66,153.12;52.8;27.3;52;72;92.7;98.8;26.8;0.23;0.22;15;100;6;0;1;RETENUE;
Australie;au_translink_seq;Fairfield station;au_translink_seq|fairfieldstation@-27.51,153.03;54.3;27.2;50;28.8;87.7;95.1;66.3;0.23;0.24;31;88;6;0;0.83;RETENUE;
Australie;au_translink_seq;Kallangur station;au_translink_seq|kallangurstation@-27.26,153.00;63.3;27;43;69.8;95.1;98.8;29;0.28;0.27;11;81;6;0;0.33;RETENUE;
Australie;au_translink_seq;Newmarket station;au_translink_seq|newmarketstation@-27.43,153.01;60.2;27;45;72.2;96.3;100;27.8;0.2;0.22;11;80;6;0;0.17;RETENUE;
Australie;au_translink_seq;Kuraby station;au_translink_seq|kurabystation@-27.61,153.09;56.3;26.8;48;62.7;90.1;98.1;35.4;0.23;0.24;21;90;6;0;1;RETENUE;
Australie;au_translink_seq;Enoggera station;au_translink_seq|enoggerastation@-27.42,152.99;59.3;26.5;45;69.2;96.9;100;30.8;0.19;0.21;9;80;6;0;0;RETENUE;
Australie;au_translink_seq;Dutton Park station;au_translink_seq|duttonparkstation@-27.50,153.03;54.5;26.5;49;25.2;86.2;94.3;69.2;0.23;0.24;28;88;6;0;0.83;RETENUE;
Australie;au_translink_seq;Wilston station;au_translink_seq|wilstonstation@-27.44,153.02;60;26.3;44;69.6;96.2;100;30.4;0.2;0.21;11;80;6;0;0.17;RETENUE;
Australie;au_translink_seq;Richlands station;au_translink_seq|richlandsstation@-27.60,152.95;54.8;26.3;48;79.1;95.6;98.7;19.6;0.21;0.26;14;80;6;0;0;RETENUE;
Australie;au_translink_seq;Coopers Plains station;au_translink_seq|coopersplainsstation@-27.57,153.04;54.5;26.3;48;65.2;91.8;98.1;32.9;0.24;0.23;24;95;6;0;1;RETENUE;
Australie;au_translink_seq;Bethania station;au_translink_seq|bethaniastation@-27.69,153.16;54.2;26.3;49;63.9;93;99.4;35.4;0.24;0.22;19;104;6;0;1;RETENUE;
Australie;au_translink_seq;Rocklea station;au_translink_seq|rockleastation@-27.54,153.01;52.3;26.2;50;68.2;93;98.1;29.9;0.24;0.23;11;98;6;0;1;RETENUE;
Australie;au_translink_seq;Oxford Park station;au_translink_seq|oxfordparkstation@-27.40,152.97;57.5;26;45;64.7;96.2;100;35.3;0.2;0.22;10;89;6;0;0;RETENUE;
Australie;au_translink_seq;Alderley station;au_translink_seq|alderleystation@-27.42,153.00;60;25.8;43;65.2;95.5;100;34.8;0.2;0.23;9;78;6;0;0;RETENUE;
Australie;au_translink_seq;Trinder Park station;au_translink_seq|trinderparkstation@-27.63,153.10;55.5;25.7;46;67.5;92.2;98.7;31.2;0.23;0.24;12;91;6;0;1;RETENUE;
Australie;au_translink_seq;Gaythorne station;au_translink_seq|gaythornestation@-27.42,152.98;58.2;25.5;44;48.4;96.7;100;51.6;0.18;0.2;9;85;6;0;0;RETENUE;
Australie;au_translink_seq;Sunnybank station;au_translink_seq|sunnybankstation@-27.58,153.05;56.2;25.5;45;59.5;91.5;98;38.6;0.24;0.24;17;91;6;0;1;RETENUE;
Australie;au_translink_seq;Salisbury station;au_translink_seq|salisburystation@-27.55,153.02;52.7;25.5;48;67.3;94.8;98;30.7;0.26;0.24;11;98;6;0;1;RETENUE;
Australie;au_translink_seq;Grovely station;au_translink_seq|grovelystation@-27.40,152.96;58;25.3;44;63.8;95.4;100;36.2;0.21;0.22;10;88;6;0;0;RETENUE;
Australie;au_translink_seq;Banoon station;au_translink_seq|banoonstation@-27.58,153.05;57.7;25.3;44;52.6;90.8;98;45.4;0.24;0.23;17;87;6;0;1.5;RETENUE;
Australie;au_translink_seq;Holmview station;au_translink_seq|holmviewstation@-27.71,153.19;55.7;25.3;46;48;94.7;100;52;0.23;0.23;11;97;6;0;1;RETENUE;
Australie;au_translink_seq;Windsor station;au_translink_seq|windsorstation@-27.43,153.03;59.8;25.2;42;70.2;96;100;29.8;0.18;0.21;14;82;6;0;0.17;RETENUE;
Australie;au_translink_seq;Woodridge station;au_translink_seq|woodridgestation@-27.64,153.10;55.3;24.7;45;66.2;91.9;98.6;32.4;0.22;0.24;14;90;6;0;1;RETENUE;
Australie;au_translink_seq;Springfield station;au_translink_seq|springfieldstation@-27.66,152.92;54.5;24.7;45;81.1;98;98.6;17.6;0.21;0.26;17;78;6;0;0;RETENUE;
Australie;au_translink_seq;Mitchelton station;au_translink_seq|mitcheltonstation@-27.41,152.98;57.7;24;42;66;96.5;100;34;0.2;0.21;11;87;6;0;0;RETENUE;
Australie;au_translink_seq;Runcorn station;au_translink_seq|runcornstation@-27.59,153.07;55.2;24;44;66.7;90.3;97.9;31.3;0.23;0.24;27;93;6;0;1.17;RETENUE;
Australie;au_translink_seq;Fruitgrove station;au_translink_seq|fruitgrovestation@-27.60,153.08;55.8;21.8;39;60.3;93.1;96.9;36.6;0.23;0.23;10;90;6;0;0.83;RETENUE;
Australie;au_translink_seq;Ferny Grove station;au_translink_seq|fernygrovestation@-27.40,152.94;67;21.7;32;60.8;96.2;100;39.2;0.23;0.26;11;67;6;0;0;RETENUE;
Australie;au_translink_seq;Edens Landing station;au_translink_seq|edenslandingstation@-27.70,153.17;55.7;21.3;38;31.3;91.4;99.2;68;0.24;0.24;24;98;6;0;1;RETENUE;
Australie;au_translink_seq;Glass House Mountains station;au_translink_seq|glasshousemountainsstation@-26.90,152.96;25.2;18.7;74;19.6;78.6;98.2;78.6;0.27;0.23;32;80;6;0.17;0.17;RETENUE;
Australie;au_translink_seq;Beerwah station;au_translink_seq|beerwahstation@-26.86,152.96;25;18.7;75;33;88.4;99.1;66.1;0.26;0.24;27;73;6;0;0;RETENUE;
Australie;au_translink_seq;Beerburrum station;au_translink_seq|beerburrumstation@-26.96,152.96;25;18.5;74;30.6;83.8;98.2;67.6;0.26;0.24;24;70;6;0;0;RETENUE;
Australie;au_translink_seq;Elimbah station;au_translink_seq|elimbahstation@-27.01,152.95;24.7;17.7;72;37.7;88.7;98.1;60.4;0.26;0.25;29;72;6;0;0;RETENUE;
Australie;au_translink_seq;Landsborough station;au_translink_seq|landsboroughstation@-26.81,152.97;24.7;16.7;68;28;88;98;70;0.27;0.25;28;74;6;0;0;RETENUE;
Australie;au_translink_seq;Nambour station;au_translink_seq|nambourstation@-26.63,152.96;33.5;15.8;47;69.5;90.5;97.9;28.4;0.16;0.17;31;81;6;0.17;0.33;RETENUE;
Australie;au_translink_seq;Eudlo station;au_translink_seq|eudlostation@-26.73,152.96;24.7;15.5;63;24.7;86;96.8;72;0.15;0.26;18;72;6;0;0.17;RETENUE;
Australie;au_translink_seq;Palmwoods station;au_translink_seq|palmwoodsstation@-26.69,152.96;24.5;15.3;63;17.4;89.1;96.7;79.3;0.15;0.25;24;72;6;0;0.17;RETENUE;
Australie;au_translink_seq;Woombye station;au_translink_seq|woombyestation@-26.66,152.96;24.5;15.3;63;68.5;91.3;97.8;29.3;0.15;0.25;25;72;6;0;0.17;RETENUE;
Australie;au_translink_seq;Mooloolah station;au_translink_seq|mooloolahstation@-26.77,152.96;24.7;15;61;31.1;90;97.8;66.7;0.29;0.25;29;74;6;0;0.17;RETENUE;
